Content,Source,Classification,Reason
"Elon Musk was misleading in his public statements during a crucial period of his 2022 Twitter takeover, a jury has found. After two days of deliberations, a jury in San Francisco federal court decided in a unanimous verdict against the tech titan, who was sued by a group of Twitter investors arguing they had relied on his statements.",https://www.bbc.com/news/articles/c62j3yl842eo,Fact,"This statement is based on an event that can be verified in court readings, so it is a fact."
"In this patch, we're continuing our work on improving tank and melee experiences through both Augment updates and champion balance adjustments. For Augments, we've taken a look at general movement speed effects, especially cases where excessive mobility created frustrating experiences for melee champions. We've also buffed several newer Augments to make them easier to use and better at delivering on their intended fantasy.",https://www.leagueoflegends.com/en-gb/news/game-updates/league-of-legends-patch-26-6-notes/,Fact,"This statement describes what LOL developers have changed in the latest patch. These changes can be verified by testing in game so it is a fact.",
"Czech lawmakers approved the country’s 2026 budget Wednesday, allocating 1.7% of GDP to defence despite pressure from the US and President Petr Pavel to meet NATO targets. The lower house voted 104-87 to allocate almost 155 billion CZK for the Defence Ministry. The spending would inch above 2% only if funding for defence-related projects at other ministries is included.",https://praguemorning.cz/czech-2026-budget-defence/,Fact,"This statement states facts about the 2026 budget of the Czech republic. The numbers can be checked against the Czech Statistical Office for example."
"A large share of households in the Czech Republic would struggle to manage financially if their income suddenly stopped, according to a new survey by the polling agency Ipsos for ČPP Servis. Research conducted in February found that nearly six in ten Czechs would have to sharply reduce spending within three months of losing their income. For many, the situation would become difficult far sooner. About half of respondents said they would face serious financial strain within the first month without earnings. The findings underline how limited emergency reserves remain for much of the population.",https://praguemorning.cz/czech-household-savings-survey/,Fact,"This statement is a fact based on the study of Ipsos and CPP servis."
"At the Go Ace Red Kiln Disc Park, thirty four miles by road southeast of Shanghai in China, Taipei’s Su Mei Yang made it three wins in a row to close out the 2026 PDGA Asia Tour. After playing second fiddle to Chia-Fang Chen in the early part of the tour, Yang stormed home to take the title. Meanwhile Yang’s son, Jacky Chen, took out the MPO win in Shanghai, making it back to back wins for the pair.",https://www.pdga.com/news/yang-chen-triumph-again-finale,Fact,"This statement can be verified by the records of the tournament, that was made by referees."
"The sound got a bad name as the ’90s wore on—the worst name, in fact: “intelligent drum & bass.” Calling it that was endlessly harmful, as it implied a false binary between this deliberately beautiful and ecstatic music and its more obviously aggressive or moody variants, with an implicit race and class-based hierarchy.",https://daily.bandcamp.com/album-of-the-day/xylitol-blumenfantasie-review,Opinion,"This statement is an opinion of the writer as no one can prove or disprove the good/badness of the name for example. There could be a debate about the intention of that naming and what it means."
"Politicians who dismiss arts degrees probably watch Netflix shows in their spare time, never once asking themselves who made them and how those creatives learned their trade; they certainly don’t understand how they are all connected by networks of arts education. Healthy opera and ballet companies, and wide engagement in them, are symptoms of a culture that values the arts in schools.",https://www.theguardian.com/music/2026/mar/20/no-timothee-chalamet-opera-isnt-dead-its-been-alive-for-centuries,Opinion,"Saying that politicians who dismiss art degrees probably watch Netflix shows cannot feasibly be proved and statement about healthy opera being a symptom of a good culture as well."
"Every single Sunday morning begins with pancakes… and ends with leftover pancakes. These are everything you want in a pancake. They’re soft and so fluffy… each mouthful melts in your mouth, making this great recipe from scratch is so much better than the store bought powdered mix. You’ll be reaching for more than one… stack. Possibly. Probably.",https://cafedelites.com/best-fluffy-pancakes/,Opinion,"This presents the opinion of the writer about these pancakes being the best. There is no way to objectively prove the thing written there."
"I’ve been testing out Gemini’s new task automation on the Pixel 10 Pro and the Galaxy S26 Ultra, which for the first time lets Gemini take the wheel and use apps for you. It’s slow, it’s clunky at times, and it doesn’t solve any serious problem you had using your phone. But it’s impressive as hell, and I don’t think it’s hyperbole to say this is a glimpse of the future.",https://www.theverge.com/tech/898282/gemini-task-automation-uber-doordash-hands-on,Opinion,"This expresses the opinion of the writer on the technology. For example ipressiveness cannot be objectively rated and same with speed, so it is an opinion."
"Damon Albarn's greatest fault may be that he has too many ideas. With these last few albums, it seems like he does not know how to slow down, take a step back, let the music speak for itself. Even the more bare-bones songs feel suffocatingly maximalist, even the songs I find to be dull (seriously, how do you make Joe Talbot sound uninterested?) simultaneously feel overthought. This comes with the unfortunate side effect of The Mountain no longer sounding like Gorillaz themselves.",https://rateyourmusic.com/music-review/jellyfishwhat/gorillaz/the-mountain/283108253,Opinion,"This is a review of the album by a singular person, talks about a fault and using word like seems like etc. make this an opinon."